url,title
https://www.hyperplasma.top/article/10367/,NGINX
https://www.hyperplasma.top/article/1397/,Git
https://www.hyperplasma.top/article/8315/,JetBrain
https://www.hyperplasma.top/article/8709/,Docker
https://www.hyperplasma.top/article/109/,macOS终端
https://www.hyperplasma.top/article/2747/,Karabiner
https://www.hyperplasma.top/article/12350/,WFDownloader
https://www.hyperplasma.top/article/10558/,Markdown
https://www.hyperplasma.top/article/9507/,Mermaid
https://www.hyperplasma.top/article/94/,Regex
https://www.hyperplasma.top/article/10563/,YAML